45871,43567,40495,39983,36143,30511,33839,36911,38447,34607,34863,28975,32047,32303,37423,36143,35375,37423,31535,30511,26159,29743,32815,35119,44591,42543,47151,42287,43567,47151,41519,36399,39983,38447,39215,42543,39471,35375,33583,35631,36143,39727,40751,42543,47151,41519,27183,26927,26671,30767,6448,5936,17200,52271,44847,42031,48431,49967,23600,10291,11315,4659,6705,44079,46895,44079,49967,1843,43316,39220,6963,46383,43567,54575,64815,1075,7219,563,45104,28207,29999,27183,25135,23855,22831,18479,18223,17967,12079,12335,12335,14127,15663,10543,5423,303,59950,58670,56110,61998,64302,65326,63278,57134,46638,28974,23342,16942,13102,5166,4910,2094,65325,62253,65325,65325,59437,57133,60717,59181
44079,41263,42031,35119,35887,32815,31023,31023,29487,36911,29999,26159,26415,29999,33327,33071,35887,30511,28975,31535,24111,30767,30255,32047,40239,41263,41775,39471,39983,39471,36655,32047,35631,39983,39215,38447,34607,33071,34863,37935,32047,40495,44591,44847,48687,41263,33071,29999,32047,34863,48,12592,12848,47407,37679,45103,48687,48431,56880,13107,11827,7475,20272,48943,45615,49711,4400,11828,48948,49204,47153,43567,47151,54063,32304,10547,12851,62770,10032,30511,29231,28463,25647,25391,24367,14895,16431,18735,12079,11311,11823,13871,12847,9007,6447,65070,58926,59182,59438,64814,3119,62254,57902,50990,37422,23854,14894,4910,8238,7982,65325,63277,64813,558,62765,59693,63021,57645,57389,58157
44335,39727,38447,37935,30255,28207,32815,32303,30511,33071,27695,24879,26671,28719,31535,32047,36655,31023,30255,27439,26671,25135,29231,35375,39983,42543,39471,31279,27695,31023,32815,35631,34351,38959,39471,39983,35119,36911,34351,32047,36143,38703,45615,53551,51759,50991,47919,37935,33071,43567,2352,11568,13104,39727,39983,43055,50735,18736,62257,16947,14131,64562,816,44335,45359,44079,22320,54836,1845,53812,30512,40495,49455,61487,51760,21555,15923,58930,50991,31023,29743,24623,24367,23855,20783,17967,17199,16687,12847,12591,12335,7727,9519,10543,4911,1583,62510,58414,63022,62254,65326,47,56622,42030,30510,14126,13102,10798,814,1582,814,65325,61229,59949,63789,63277,56109,57645,60461,60205
40751,42543,41007,32559,31279,32303,32047,35631,34095,34095,28975,28207,28463,27439,32815,32303,33327,32047,31535,28207,27695,26159,32047,33583,43055,38191,39727,29743,35375,30767,32559,31535,31279,39983,37935,38959,33839,32559,28207,33327,34863,41775,45871,50735,51247,52527,50223,40495,40751,51759,62767,9520,5680,33071,37167,41775,50735,48944,12850,45362,8499,64050,57903,48431,49455,1840,44849,16693,17461,50740,11312,45103,51247,61231,24625,19251,19251,60722,46127,28463,25391,22319,21807,22575,25647,21807,17199,13359,18479,12847,14127,12335,10799,11823,9263,4143,62766,61998,303,60462,62254,61998,44590,36654,23854,11054,9006,8238,4910,3374,4142,61229,61997,61997,61229,62509,61997,57645,59949,56109
38191,35887,30255,31023,31023,31791,29743,32559,37423,31535,32303,28463,25647,25647,25647,29999,32303,33583,29999,26927,30511,32047,26927,28975,32815,38959,33583,28975,29743,30255,34607,33839,33327,38959,37679,38191,30767,28207,29231,34095,35119,39727,41519,52271,48687,40495,38703,43823,40239,51759,58927,2352,3120,32559,40751,41007,50991,53296,25906,52786,11827,64306,60463,48687,53039,63536,16436,13877,21301,56628,10288,50223,54575,9520,51506,9523,6963,47666,5680,31791,23599,20783,24879,25647,21551,16687,15919,15919,14383,15151,16175,13103,17967,10287,9007,6703,2607,1071,60462,64814,59950,53038,43310,30510,17198,10542,9262,4654,3886,3630,64557,46,63533,1582,59181,62765,62253,60205,54829,55597
37935,34095,33327,33071,27439,29999,28719,31023,36143,31791,27695,29743,23855,19503,25391,26671,24879,24367,28975,33327,25903,27695,32815,33071,31279,34095,32047,32815,29231,33583,32559,29743,29487,33839,38959,35119,31023,34095,33071,35887,34351,36655,41263,43567,45615,35119,32815,38703,45615,55599,59439,3120,2864,30767,36143,38191,52527,64048,47154,1331,18739,7219,57391,52783,55599,4657,48436,11317,25141,57140,11824,52271,54575,23856,10291,10803,64562,39218,15920,30511,28975,27439,26671,25391,23087,21551,15407,11823,14639,16687,12335,14895,15919,13871,10799,2095,2351,65326,63278,62766,56110,45358,37678,19246,15406,9262,9518,6446,8494,814,65325,2094,63533,60973,61741,61997,59437,55341,59693,53805
33839,32047,31791,28207,27439,25391,23855,26415,27183,31535,26415,25135,25135,20783,21807,21551,23087,25647,26927,26415,28719,25903,29231,32559,30255,32303,28463,28975,30255,29743,30255,32559,31535,36911,39727,37167,35631,33327,32303,34863,39727,41007,46383,43823,43567,35375,33071,35119,48431,64815,63023,8496,11056,37167,33071,45103,52271,57648,64818,27187,39731,7731,64815,56367,60719,32305,6453,23861,31029,63284,18992,57903,57391,34352,20275,20275,4659,43570,8240,27951,33071,31279,28719,29999,25903,19247,15407,13359,15407,16175,14895,13103,15407,11823,8239,2607,64046,61998,54830,50734,48942,38446,21294,21294,10030,10030,3630,6702,5934,4398,65069,63533,62509,61741,61485,60973,59181,55341,60461,57133
31023,27183,27183,26671,22319,22063,23599,25903,29743,32047,28975,25135,22831,18479,22575,17711,23599,23087,26415,27695,24111,26927,29999,33071,32047,34351,30255,27439,27695,30255,31023,34607,35375,39215,39215,36399,33839,29231,29999,37935,39471,41263,43055,50479,45103,34351,30511,33327,59951,3888,6704,18224,16176,36655,40239,41007,43823,304,4403,57651,59443,55345,64559,62511,3120,41777,39477,50485,50741,7989,16432,62767,1072,55344,40755,33075,12595,59698,4656,38703,32047,27951,28975,26159,23087,20783,23087,17199,15407,14639,12847,12847,14895,13615,4911,1839,59694,56366,47662,45358,32814,26670,19502,15406,9774,7470,12078,4654,2862,4142,3374,61229,63533,62509,62765,59437,58925,56621,59693,57389
26415,31535,25903,24879,24111,23343,23599,28463,29999,25391,32047,21295,21039,22319,21551,20527,22831,19503,21295,18223,23343,25647,24879,33071,31535,32559,32303,29999,22831,26671,29231,27951,36399,36655,36143,37935,31279,36399,34095,36143,41263,49967,43823,42287,43055,40239,33839,42543,48943,11056,16944,17712,63023,46639,46639,53807,58159,64815,63025,12595,28723,52016,25648,29744,38704,20017,28981,50229,58165,5684,26928,31536,56368,16177,20531,7219,54834,29234,48432,41264,16688,30767,31535,29487,25135,21807,17455,17455,20783,19759,20527,12335,10543,11567,3631,63534,56366,49710,44846,37422,26158,22062,14638,12846,5934,6190,6702,6702,9518,3886,1070,62253,61485,57645,58925,558,58157,60717,56109,57133
23599,24367,23599,21295,17967,17711,21807,21039,23087,24111,26159,18479,18991,16943,15919,17967,13103,14127,17967,19759,16943,22063,23087,22831,22063,19759,22319,26159,20527,27695,25647,27951,28975,25903,25391,32559,25135,31535,33071,34351,36911,38447,37679,38959,42543,43055,47407,47151,54319,64815,9008,14384,20528,27952,35120,14385,26417,27185,50737,32818,33074,39218,43058,64562,1843,1075,2611,5683,7987,65074,61234,58418,48946,36146,26930,7218,59441,46897,36913,35633,13617,35119,33327,28207,24111,24367,22831,20527,19247,15919,13103,15919,13871,7471,64302,58926,52270,38702,32046,22574,23342,15406,13614,10798,8238,7470,4142,6702,2094,4910,558,62765,60205,59437,63789,57901,60205,58669,57901,55597
24879,20271,17455,19503,14383,19247,20271,20527,15919,22831,18479,19247,15663,15407,11567,11823,7727,9519,10287,15663,19759,21295,22575,18479,17967,21551,25391,27951,25391,20527,22063,25647,29231,25391,26927,27951,27183,33839,34863,35119,38191,36143,33583,38703,38447,43567,45871,53295,59695,65071,15664,16432,29744,35376,57392,35121,42801,43569,9778,39730,42802,59186,5939,20787,27699,25395,24627,51763,29235,15411,15667,12339,61234,55858,43058,33074,30770,10034,47153,46129,23345,40751,28975,28975,23087,21807,19247,20527,16943,19247,15663,18223,4399,64302,303,53806,40750,29486,23342,20526,18222,12846,10286,8238,9518,7214,5422,1838,65325,46,1070,63789,59437,61229,61997,62509,61741,56109,55853,53037
20527,16431,17967,14639,16687,15151,18223,14383,15151,15151,19759,18991,21295,21039,14127,7983,7727,9007,10287,13359,20015,27183,26415,21039,18479,24879,23087,26159,27183,21807,27695,32559,32303,27695,25391,24111,23599,28463,28719,41775,44079,50991,34607,40751,40751,42799,46383,48431,5936,13360,15920,20528,28464,35632,2353,41521,54577,13618,819,63026,16691,12339,22323,37171,40243,46387,28980,35124,63796,17204,39987,33587,13875,4147,60722,41010,37426,59442,10290,63793,37425,40239,33839,23087,22575,19247,19759,19503,15919,17711,14895,9007,7983,60974,52526,37934,30254,28462,24110,18222,14894,11822,12334,10030,4910,5422,5166,46,2606,1838,2094,61741,59949,60461,60205,58157,54829,56877,54317,59693
19503,21551,16431,14383,23087,21039,21039,15151,12591,16175,16687,17967,23599,21551,19503,10543,7983,11055,11823,10543,21295,28207,32303,24879,19247,25391,24111,22831,22831,22063,34607,35631,37167,32559,26671,26671,31023,29743,34351,37167,45359,47407,38191,37423,39983,45103,53295,54063,18480,16944,17456,25904,28976,48176,4657,53041,3890,2355,12083,19763,21811,32051,38451,59187,564,15156,44852,17973,6709,14901,8756,58931,43059,23347,17715,1075,2355,59698,31026,10802,56881,40495,31535,24623,19247,20271,21551,21039,14895,15151,12335,4143,62510,46894,42798,31534,23598,17198,16942,15406,15150,15662,14638,10030,9518,5934,3630,6446,3630,2862,814,64301,64813,61229,58157,55597,57389,59437,56877,56109
20271,18991,13103,15919,16943,24879,16943,14383,11823,15151,20271,16943,19503,25391,17199,12079,9263,7727,15151,16431,20783,28719,31279,25903,25135,19503,26159,24367,20527,22319,28207,35119,35887,32047,29231,30511,28207,31791,36655,41519,49711,43567,39215,39215,39983,45359,55855,58671,13616,23600,21552,26928,33840,43824,2097,60977,17714,2099,65330,5683,49971,60979,60211,16692,29492,38452,50740,6709,49461,33333,42036,24372,62771,45875,35379,11059,5939,26419,53042,35378,3634,47407,29487,25903,25647,20527,15663,17967,9519,8495,47,59438,46638,43566,27694,27694,21038,13358,16686,14638,14382,15150,13870,13614,7982,7470,9006,4654,2606,4910,65325,1582,62765,59437,63789,58925,55597,59693,59437,57645
19247,15151,18223,18479,15407,16687,13615,10799,11311,12591,13871,22319,17455,18991,17199,13359,7983,12335,12079,17967,16687,22831,26159,23087,22319,20527,25647,26927,24367,23343,27695,30511,30511,27951,24623,25391,29999,31791,32303,34607,39215,39983,38191,41775,45871,52527,58671,61999,10544,18736,22320,29232,33328,48176,4401,12850,40498,54066,33587,62771,10036,15156,20532,48436,62516,4917,18741,37429,54,39477,20277,53,35636,5940,61747,50227,35891,23859,3123,59954,20786,48687,27951,27183,25135,20015,20015,13871,10287,1071,57646,49198,43054,34094,24622,21038,17454,15662,13870,14382,13614,14126,10798,6702,8238,8238,7470,10030,2606,64813,1838,63277,58413,59181,63533,60205,57389,57133,56365,56365
18479,20015,15663,18991,15151,18223,14639,12847,11311,14383,13103,16943,17455,14895,13871,13871,7215,12591,11311,18991,21295,22319,24367,21295,21295,21295,23855,31791,24111,24367,27183,28975,28463,25903,24623,27183,32559,37167,32047,35375,35375,35375,39471,39471,48687,52015,60463,65071,6704,12336,23856,28720,40240,49456,12081,32818,3379,47155,9268,21300,26932,42292,46132,18741,27701,49461,32054,32822,21814,61493,56885,32821,61236,26676,20532,4148,52787,38195,17459,9523,34610,54319,32815,27951,26159,17199,13871,4143,3887,50222,40238,33326,29998,22062,22062,20526,15918,16686,15406,13102,15662,12846,12078,11054,10286,10798,8238,6446,6446,3118,3374,46,59693,61229,60973,61997,57389,62765,56621,57389
16943,17455,10543,15151,14639,16431,12335,11311,5679,12591,14639,15919,18991,16943,13615,11823,11055,12591,15663,21039,21295,19503,22063,22063,19247,22063,23855,26671,23343,28719,25391,27439,27695,26159,20271,25903,29487,32815,30511,36399,33327,40239,41775,45359,47407,51503,62511,1584,13104,17200,22576,33328,42800,58416,15665,37426,11059,63795,22580,37428,45108,47668,54836,13877,37173,57141,26166,27702,31798,35382,23094,64053,18485,44852,30260,21556,1588,51507,31795,22579,49202,56623,34863,29487,25391,17967,9007,65326,52526,38190,36654,27438,28462,25646,20270,18222,16942,17198,16430,15406,14382,12078,14638,11822,7982,8238,9774,6446,4654,46,65069,61997,61229,62765,59437,58669,55341,54317,61741,56365
17711,18991,17711,10287,17199,12335,13359,8495,12335,6959,10031,12079,12335,13359,11823,7471,13871,13359,15151,19503,20783,16943,18479,19247,18991,19247,19759,25647,24879,27439,24367,27439,28975,28463,23343,25903,27439,31535,27951,27439,31023,31791,38447,45615,47151,58415,61999,4400,8240,15920,21040,31792,43312,59952,19761,49202,31027,11060,33076,47412,55860,55348,54068,9013,37941,58677,24886,33590,40246,50998,39734,25142,37173,59188,48180,33844,15412,62259,46899,31027,50994,57647,28207,25647,18223,14383,9007,63790,50734,34606,28974,28206,24366,18734,19502,16942,18990,19758,14126,16942,11054,11310,10798,9518,10030,6190,3630,8238,2862,5166,46,63789,64557,63277,56621,56877,57645,54829,57133,55085
11823,8751,9007,13359,15919,10799,5679,7983,3119,5679,6447,9519,12335,7727,9007,8751,7983,12335,14639,16687,16943,15663,15663,15407,13615,20527,18735,23855,23087,23599,28207,29743,26671,22319,24367,25647,29487,28975,29487,28975,31279,36143,41519,39727,46639,56111,65071,7472,12592,15152,25136,39216,50992,61744,2097,54322,40499,14132,32308,52276,58932,54324,54580,9525,44853,58677,21302,23350,37174,50998,48694,24886,52789,1589,50484,32308,17972,62771,46643,24115,56114,54831,30255,23855,17711,14383,7215,59182,48430,39726,29486,26926,25134,19246,18990,16942,18734,17710,14638,15918,13870,12846,12334,11822,10542,7726,8238,4142,5934,6702,1070,63277,61997,59437,62253,60973,57645,52013,55085,56365
12847,11311,10031,8239,9519,5423,5167,64302,64302,1327,7215,3631,10031,2863,3631,815,4911,8239,11823,13615,16943,14639,15663,16943,17967,13615,17455,23087,23343,28719,27183,27695,29231,27951,23599,24111,29999,33327,32559,36143,35887,39215,40239,45871,49199,63023,2864,6704,15408,24112,32816,42544,54064,817,3377,59186,42803,11828,27956,44852,53300,51508,54068,13109,45365,64821,15926,17718,23606,33590,32566,17718,42037,58676,43316,18740,1332,50483,33331,16691,50738,56623,23343,24623,12335,13359,7215,59438,47918,38702,29230,29486,20782,21294,22574,22318,16686,17710,17454,11822,13870,11566,11566,12846,8750,9006,10030,5678,3886,6190,1326,558,64813,61229,61741,57901,59949,59181,57133,57133
13103,6191,7727,7471,6447,4655,1071,63790,60718,59438,61742,63022,64558,64558,62766,63022,815,64302,7727,10799,12847,12847,12079,9519,13615,13615,14639,19759,22575,26415,22319,22831,21551,24623,23599,23599,28463,34095,33839,34351,37167,43055,43823,50223,52527,56367,816,8496,14384,17456,31024,35632,46896,63024,64816,38706,23603,45107,50995,64563,10036,13876,23860,41012,64820,10037,36405,35381,29493,21301,9269,58420,23348,42035,18227,51,45362,28722,12594,5938,52017,2608,26415,23855,18735,12079,3887,61486,48430,38958,29486,29486,26158,24622,23854,21294,20014,18478,15406,14126,16942,16942,16942,14894,11310,13102,11822,6958,9774,3630,1070,63533,63277,60205,63021,60205,57901,62253,57389,54829
6447,63534,4655,1583,63534,61742,60206,61998,56622,58158,55854,59694,60206,56366,56366,54830,59950,62766,2095,65070,2607,7727,6191,8495,7215,5679,12847,12079,18991,19759,16943,20527,23087,19247,21551,29743,30767,31023,33071,30255,34351,39471,35887,43567,47407,52271,59951,48,5168,9520,22064,30256,35376,55088,3889,60721,27186,46898,47922,58162,4147,12851,23091,31539,48947,48691,53043,58931,56115,51763,50739,47411,32563,10547,59186,41778,32818,22834,9778,60721,51505,32560,31023,28975,26415,21551,8495,65326,51246,38958,36142,33326,28206,26670,23342,26670,23598,26670,20014,19758,17454,16686,13102,17710,13870,14126,10286,15662,9006,5422,9006,2350,4142,3630,64557,60973,60973,58157,55853,60717
64046,60462,59438,63790,61230,58926,55854,57134,60718,59182,58670,59950,59182,58158,50478,51758,55342,59438,64302,61486,1327,62510,3631,65326,63278,2095,11823,13103,13871,20271,19759,19759,17711,22831,25391,24879,27183,30511,32047,35375,34095,36911,37679,43055,43055,55343,56367,65327,8240,12080,21040,33840,39984,58928,49969,9266,36658,51506,3379,10803,27699,36147,45619,19764,21812,15668,15156,17972,18996,19764,17972,14132,52,41011,12339,64818,47154,39730,23346,6450,53809,42288,39471,44335,59439,25135,9519,65326,58670,54830,41774,51502,48686,46126,45358,50734,48686,47150,46894,53038,57390,51758,52782,52782,64046,58414,1071,47,62766,60462,58158,49966,25390,13870,20270,18222,14894,10030,12846,60973
59438,60718,56110,63534,60974,60718,58158,58414,55854,58670,59438,59950,63278,54574,48942,57134,59694,59182,61742,1071,63790,64558,65326,61742,58926,60974,1583,7215,9519,17967,20271,19247,21295,17455,22319,24879,28719,27695,32815,34863,35119,41519,40239,45359,51247,57391,63535,7472,9776,16432,28208,37680,42544,59952,51505,1842,48178,3379,13619,30003,44595,62771,5940,45876,57396,46644,50228,53300,57396,52788,49460,43828,30516,64819,37683,17971,2867,57906,42034,19506,59953,38192,50991,51247,40239,20527,9775,63278,57390,46894,38958,40238,37422,45102,44846,42798,35630,37422,29742,29742,32558,25134,31022,26926,24366,23854,23598,17710,22318,19502,14382,14638,16686,16174,13102,10030,9262,1838,4654,4142
57646,55342,59438,58670,57646,59950,57646,58414,62766,60462,63534,60718,61742,59950,57902,59950,60974,61742,62766,64302,303,61742,63790,61230,58158,61742,65070,5935,8239,16687,18991,21039,16943,19247,26159,25135,30255,27439,31791,36911,36143,40239,41263,47407,48943,59439,48,7984,12592,18224,29488,33584,41520,1073,57905,1842,48946,15411,32307,48435,61491,14900,26932,62004,14133,5429,9781,14133,13621,13621,9013,7733,54836,14132,53299,34867,14899,1331,51250,22066,55345,43312,35887,46383,31791,25391,7983,64814,56622,51502,58158,61230,47406,39470,46638,46638,47406,39982,41262,41518,40494,36398,43310,47406,49454,53038,61998,63022,59182,8495,6191,7727,10031,10287,14639,7983,22063,25135,31279,13103
61998,60462,57902,55086,56366,59950,58926,60974,64558,58670,61742,61230,62510,59694,59694,62254,60206,61230,65070,47,3631,65070,61998,64558,55598,61742,65326,1583,2095,12847,14895,17455,15663,22831,23343,22063,26927,32047,35887,33583,36143,38447,40495,43311,46639,54575,48,6960,17456,16944,30000,34608,44592,6193,25650,10290,49202,18483,40243,56115,8756,20276,34100,20277,26165,19253,17973,14389,14901,12341,12597,12853,10549,27444,56627,32563,16179,4147,45874,21554,54321,42544,38447,45615,38191,14127,1327,6447,24111,32559,32559,32559,37167,41775,48687,43311,39983,45615,43055,46127,54575,51247,64303,12848,4144,65327,33584,10032,7728,12592,16944,13872,1584,3120,816,61999,59951,61999,1072,34863
63790,55342,61230,55342,56878,59438,64814,61230,57902,61230,59694,59438,60206,60462,59950,60462,61230,60206,1839,63790,815,5935,59438,61486,59438,63534,62766,2351,10543,8751,12335,13871,18735,16431,20527,20015,26927,24111,29231,28719,32815,33583,31023,36655,41775,46383,55855,65071,7984,11824,15664,26672,47152,3121,19506,12082,50994,7731,17459,35635,51507,56627,52,36148,32052,48948,45108,10548,3124,62003,62003,56115,43315,13107,63794,33586,15922,9266,57905,60977,51761,34352,33839,39215,30767,6959,65326,1327,16687,28719,32559,42287,42799,49711,51503,49455,57391,55087,48431,55855,1584,13360,9776,15664,13104,13872,32048,47152,17712,28464,26160,10544,2608,5424,61743,55599,61231,59951,58415,54063
64302,61230,59182,60462,58926,58158,62766,60974,60462,54574,58158,55342,57390,59182,55342,56878,57390,59438,60206,60206,62254,62254,59438,63278,60974,62510,63278,2095,6959,5679,3631,4911,11311,11567,16175,14895,17455,17967,19503,18735,25391,18735,22063,20271,21039,32303,35631,42799,43823,45615,49199,59439,40240,4401,11570,2610,36146,22834,10802,24882,25650,35122,32562,37170,40498,54578,55602,49714,45362,47922,45106,32306,17970,16434,15666,9266,2354,562,59441,55857,40241,33840,31023,29487,19759,64046,58158,63790,21807,35631,45615,47919,50223,46895,53807,50735,55855,57647,53807,7216,20528,21552,8752,15920,23088,17968,13104,21808,35376,19760,11568,58927,51759,43055,29743,28463,58671,61743,55855,38447
63790,56878,58158,60718,57902,58414,61486,57902,60974,58414,58414,53038,54062,51502,54062,54574,55342,59438,62254,56622,59694,61742,57134,61742,58926,59694,47,65326,5679,7983,6703,9519,7215,9007,15407,17711,18223,18735,19247,19503,19759,17711,15407,13871,15151,26415,33327,41519,40751,48431,47407,48943,21296,48176,40497,42289,37682,36146,15922,20530,38450,46642,54834,54578,56114,61234,10803,4915,2099,64050,64050,54066,49202,42290,45874,33330,28978,26674,17202,58417,29489,24880,24111,29231,9519,54830,53806,52014,48942,34606,27950,30510,32558,31278,30510,28718,34094,41262,32303,1072,15920,23856,13872,2864,19248,11824,20272,36400,48943,29998,24366,25902,17966,18734,12846,8494,2094,15150,3375,9007
62510,59182,55854,55598,57390,58926,56110,59950,59438,58926,54830,54062,53806,51758,54062,54574,60974,61486,56366,58414,58926,57902,56110,54830,59438,58414,64302,64558,815,7727,6959,7471,12847,13871,17711,19503,18991,18223,21039,21807,21551,18991,14127,16943,24111,33071,40751,38703,42031,47407,47407,50735,18736,29232,44336,4145,15922,53810,39986,52530,4659,13363,46387,60979,1076,25908,55604,33075,37427,41011,57395,58419,59187,43059,37683,58162,27186,25394,14130,48177,8753,8496,10543,24623,59694,48430,47662,49198,36398,31534,29230,28974,27950,29742,29998,28206,30510,34350,10799,54831,13616,17456,13104,2352,14128,10032,23856,38960,63790,14894,15918,15150,10798,9006,5422,6702,3886,4398,48686,13871
303,57390,62510,61998,65070,61486,64558,61742,59438,60206,53806,53806,53294,55598,54830,57134,58926,57902,54830,56110,56878,52782,56366,58414,58414,59694,60718,60974,61230,3119,5423,10031,12079,16687,18223,16431,15919,17711,14383,14383,14383,14895,14127,17967,28207,34095,42287,43311,41519,45871,50991,58415,17968,26672,59952,3889,65329,36402,42802,49970,5427,25907,49203,59955,63795,14644,40500,27955,31283,37939,49971,45875,37683,25395,18995,30514,4402,1842,55601,34609,1073,63279,7471,6447,62766,54062,46894,45870,39982,44590,38190,38958,39726,40750,35630,36654,38702,46126,14127,52527,5424,6192,5936,64303,7728,22064,24368,10800,9007,6190,7470,57901,59949,57133,53293,55341,52781,9006,15407,12335
3119,63278,61230,59182,63790,63790,61742,60462,60718,54830,56366,52270,54062,58158,56622,55598,53038,52014,51502,49966,52782,53294,54062,55854,54574,55086,61998,64558,65326,64814,7983,9263,12335,11823,11823,12079,13359,15151,12335,12591,7983,3631,7983,13871,20271,30767,38703,38959,39215,45359,52271,56367,17200,42032,52273,35377,56881,21042,21554,31282,52786,3123,26419,45619,57395,63795,22324,11059,10291,20275,32563,30259,31539,11571,15923,30258,52273,48433,39217,23089,54576,58671,1839,13615,50478,51502,48686,45358,43822,41262,47662,45358,49198,51246,55342,58926,57134,65326,5935,20015,44335,4656,11568,59951,53295,54575,52527,51759,6191,20014,4910,37165,37933,34605,25901,29997,33325,34349,43053,63277
1839,63278,58926,57134,59182,59182,57902,59950,60974,61486,53806,47150,50478,52782,56622,53294,55854,51246,45870,44846,49710,51502,48174,49710,52526,57902,62766,61486,60974,64302,4143,5423,12079,13103,12079,10543,7471,5679,7727,5423,61742,61230,63278,4655,17455,24623,31023,32559,34351,38191,48431,57647,15664,43824,43569,35121,49457,15922,15154,23602,36658,64050,28211,38195,43315,65075,22581,2867,3635,17715,31027,28723,16691,5427,17459,33842,44593,40753,25137,15153,53296,52015,47,13103,54318,46382,46894,47150,43822,48686,45614,45358,49198,46894,48174,53294,55598,63278,2863,63022,60974,1327,7215,3119,7983,2095,47,61742,47918,24110,12078,49197,35117,37933,34605,32813,44333,23853,33069,28461
3375,65070,64558,59182,61230,56366,60206,54830,57902,58414,51502,53294,50478,48686,52782,50734,50990,48942,50734,49454,44590,42798,44334,47662,55086,57390,60974,64046,58926,59694,64302,5423,9263,11567,13871,9007,9007,8495,1583,3119,60462,53806,52782,61742,8239,18223,21551,26927,28719,33839,46895,63535,18480,44592,36913,33585,49201,23858,11314,19250,41010,61234,28211,44851,47923,53811,58420,2099,3379,14899,47155,34355,27443,4915,3635,23090,47921,42801,37681,19249,55344,54831,60718,12591,3119,65326,55086,50222,52526,50478,52782,54062,49454,46638,41006,47662,42030,36142,41006,34862,32046,31278,22062,24110,27182,23854,21806,16430,15918,14638,5422,53293,46125,42285,45869,40493,37933,39725,37933,36653
6959,65326,63790,61742,60462,60718,60462,58158,58414,54830,50478,47662,46638,49710,47406,47918,50222,46382,48174,45358,40494,42286,34350,41518,45102,49454,54574,52782,61230,58670,59950,61998,2607,6447,4399,3887,7471,4911,1071,64558,55086,54062,55086,63790,12591,17199,21039,30511,35631,48687,51759,8496,28720,42032,39217,31793,53553,27442,32306,38194,58418,14131,37939,60467,6964,6964,33332,44595,48947,57395,63027,54067,50739,28211,9011,48178,24370,15922,64049,30001,52016,61743,45871,4400,16943,3887,59182,61742,56622,52014,52526,51246,46638,40750,40494,39214,35118,31534,37422,32558,32558,28206,29486,23854,22830,18222,20782,17710,17710,18478,12078,11310,10542,12590,8750,7214,6702,4142,4398,4910
7215,815,2607,1583,64302,59182,63278,63790,59438,51758,44590,44590,45870,43310,41006,43310,45870,47918,42030,36398,35630,32814,37678,38446,37678,45870,47406,58158,50734,51502,51758,53038,59694,60974,5935,303,61742,1071,1839,65326,56878,57134,61230,62766,4399,21551,33327,34095,37935,44079,56367,12592,23088,41008,32049,30769,54577,27186,35634,57650,4915,18739,40499,59187,9012,14644,41012,59443,52787,53555,57907,47923,46387,24883,60722,32306,25394,14386,64305,28721,57392,65327,11311,9775,13103,7215,5935,7215,7215,5167,4143,64558,60462,60718,61742,56622,50990,48430,49198,48174,47918,49454,50990,54574,57134,60974,59950,7727,61998,4143,303,9519,12335,23087,23343,23343,18479,4143,3119,5423
8495,5935,559,1839,47,62510,60206,60206,56110,53806,47406,41006,43054,36142,41006,39214,43054,39214,39470,35118,25390,24878,25902,33582,34094,37166,42798,47406,42286,40750,37678,45358,53550,59182,62510,60462,60206,61742,63022,64302,60206,56366,55342,59694,6703,16943,24623,28719,34863,39215,51503,1840,16176,31792,49,62256,51249,16946,32306,43570,51,15667,24371,42803,59955,55603,52275,40499,42547,39219,38963,32307,34867,4403,43314,30770,16178,1586,53809,29745,57648,2608,10543,53039,14383,64814,54318,58670,53550,50734,49198,42542,38958,36142,29742,29486,23086,23086,20270,19758,21038,22318,14126,18478,16174,16686,18222,24622,28462,22062,26926,22062,20270,22830,21550,20526,17966,16686,11566,12334
12591,5935,65070,5167,61998,62510,57646,61998,53294,55086,45614,42030,37166,36910,38190,38190,35886,35886,27438,27438,19502,18222,25902,24366,29486,31022,35118,41262,41518,36142,35374,43310,49454,59694,62510,53806,51758,53550,57134,52526,54318,50734,53038,60462,65326,6703,14383,15919,18479,33071,42031,57135,4144,10288,23856,19760,37681,9778,21298,31538,45106,57394,4403,20531,34099,29491,26931,25139,20019,17459,21299,17203,19763,58418,31538,15410,3122,59953,44337,24881,62768,60975,58670,53294,45870,37166,32558,32814,31022,30766,32046,28974,28718,24878,22830,21550,20526,17198,14638,15918,15150,11822,14638,11822,16686,13358,14638,11054,12846,12846,12078,7982,8494,6446,8494,5166,4142,2350,4398,1838
15151,6959,64302,2351,62510,61486,58926,58414,54318,48942,44846,44078,35118,33582,36910,33070,36142,31278,26158,20782,18478,19246,18734,24622,28718,26926,31022,38702,39214,35118,38190,39982,52014,59694,55086,56622,48942,50734,47150,48942,43566,46126,45870,46126,54830,56878,61742,10287,8751,15407,29487,43823,54831,64559,13360,12848,34353,4402,11314,20018,30258,45874,50226,1075,18739,14131,14387,3635,3123,8755,5171,1075,58930,36658,23346,9266,62257,47665,35889,14897,59952,60975,56878,50478,44590,39214,30766,32814,36654,34094,30510,28974,29998,26158,22318,18222,14638,15918,14126,13870,13102,10030,13102,14894,15406,18222,16174,10030,9006,6446,6446,8750,5166,5678,2350,3118,3630,65069,2606,1070
6959,8239,8239,2095,1839,47,58158,53550,54062,45870,40750,42030,36910,36654,33582,33582,34094,29998,25134,23342,14638,18478,18734,29230,27182,28462,33838,36654,37678,33070,34862,39982,49710,55086,52270,49198,40494,30766,36398,38702,34350,36910,38190,38446,49710,52526,61230,62254,3631,10799,20527,32559,46639,56111,7984,4400,19761,47921,63025,3378,7986,20786,28466,41010,52530,53554,56114,45874,49714,45874,45874,42802,32050,22578,63281,55089,39985,25649,16689,561,50224,58415,53550,48942,42798,37422,32302,33326,33838,33326,29486,22830,21550,19758,19758,15150,15150,9006,13870,13358,9006,10542,12590,14638,17710,18734,12078,8238,4398,6702,6702,4910,6190,6190,3630,1326,2094,64557,64557,2094
10799,10031,7727,2863,1327,60974,54830,51502,49198,48942,49966,42286,41774,39214,37934,34094,29230,29998,28462,23086,19758,25902,29486,28718,28462,27182,35374,43054,38446,39982,39726,48430,54830,54574,53294,44078,39214,31022,25390,22574,24878,22830,31790,35118,46894,51502,54062,55598,64302,5167,14639,16687,36399,41775,8496,2352,12081,35889,43313,49457,53297,57393,4658,16946,27698,31282,37682,34610,32050,30258,24882,18994,12338,62257,51761,37681,26417,17457,5169,56368,41520,56367,43566,43822,39726,41518,33326,32302,29998,30254,26414,26414,23598,16942,14638,17966,13102,15918,9006,11310,8750,9774,8750,14894,12334,9774,6958,5166,2862,5678,5422,5422,2350,2606,46,3374,1326,64301,65325,60461
12591,6447,3375,2607,2095,58414,54318,55854,52782,46638,45870,44078,45870,42798,38958,37166,32302,30510,26670,20014,20526,24366,32302,34094,36398,38190,41774,42542,42286,44846,46126,51246,57646,57390,54830,45102,33582,25646,25902,19758,23342,23854,30766,36398,43054,56366,58414,59182,64302,4655,11311,17199,27183,39471,63791,62511,62768,25649,34865,35889,37937,47153,59953,2610,19506,24114,27442,25906,24114,25138,15154,4146,63793,56369,38961,29489,15153,7985,64304,52272,36144,57391,43566,42798,40238,36654,31790,31022,26414,28462,22062,26158,20782,17454,10542,10286,11566,10030,6958,3886,1838,4910,6958,8750,11822,6958,5678,3886,4910,4654,3630,5422,1070,65325,558,65325,64045,1326,61997,63789
13871,8495,5935,4399,63022,61230,56622,48430,47918,46382,38702,40750,45614,39982,34862,34862,32558,25646,24110,23086,25134,26414,31790,33838,36142,39470,34862,39726,45870,44846,48174,55342,56366,55854,55598,46126,36910,30510,22318,18734,21294,20526,31790,43310,51246,58926,64046,5167,65070,11055,15663,22063,29231,35887,64047,56111,3121,28209,41009,46897,57905,64049,12338,24882,56114,50482,54578,47922,56626,54322,50482,53298,48434,36658,13618,63537,50225,42801,26929,25905,63792,37935,43054,43310,34350,35118,31278,31278,32558,25902,22574,18222,18990,16174,13102,8750,9262,6446,7982,7982,5678,2094,4398,3118,2862,2862,2350,3118,5166,4142,3118,4654,64813,62253,60461,65325,63533,61997,63277,61485
10543,14383,7983,1839,303,53806,52270,42798,42286,38958,36142,40494,40750,34094,29486,24622,22830,16942,17198,13358,15918,21550,25646,29486,34094,35374,37422,36142,43822,50478,45870,54318,58926,57390,55342,49454,35886,32302,29230,28974,33838,40494,43054,53294,64558,3631,11823,15919,26415,28975,33071,37167,47663,55343,64559,55599,18737,58929,15154,21042,37170,39218,62514,13107,46643,49715,47923,46387,42803,48179,46131,42035,42035,12595,57650,34354,15154,4402,51761,37937,15409,33071,38958,37166,37422,32302,31534,30254,28974,27182,17966,16686,19758,14126,8494,7982,5934,4398,7214,8750,8494,2862,3374,2094,6446,3886,1070,64301,814,2862,2606,6958,64557,2606,64301,2606,63021,58925,59693,61229
16687,16943,12335,1839,62766,49710,46894,41006,35374,37678,37678,32558,36910,26670,21806,11054,13614,12078,6446,8494,8494,16942,22830,24110,28206,32558,34350,31790,37678,40750,44078,53550,55342,54318,48942,42542,34862,26926,33070,37422,39214,46894,57134,58414,559,5167,14127,17199,28207,36655,39215,44335,51759,54831,58927,50223,8753,58929,11570,20530,28210,43570,62002,7475,38963,37683,50739,46131,48691,47923,44851,38707,37427,13619,57906,34098,11570,818,44337,31537,2609,32815,44590,39470,38702,35630,32046,31790,26926,28718,21806,15150,19246,10798,12334,8494,11822,7982,8750,4142,2350,1326,2350,2350,302,46,3374,1582,65069,3374,3630,65069,61997,4654,3118,64557,60973,63277,61485,58669
26159,19503,12591,5167,63278,55854,46382,40494,37166,33838,28206,28206,26414,21038,17966,7214,5678,58925,558,62509,2350,6190,10542,18734,24878,25902,25646,24366,32046,35118,32814,36142,38190,39726,34862,31534,25902,27694,24878,40750,50734,56622,57902,59182,303,5935,7215,12591,24879,32303,39215,47663,49199,55855,54575,48175,62000,42289,2354,26674,48178,59954,53042,64050,27187,35891,59187,2357,20790,2102,50228,33331,27699,3891,56882,2355,1331,2099,18482,23089,52272,16431,44590,42030,38958,35118,36910,33838,26926,23342,22062,17966,16686,8238,5934,9006,5166,6446,7726,10286,1070,3374,1838,1838,64045,64557,61997,814,62509,46,2094,65325,64301,2862,558,62509,63533,64301,60973,56877
23855,15663,14639,11823,59950,55086,48174,41518,34606,33326,32558,28718,27694,14638,7982,5422,61997,57645,48429,56109,61229,59181,62765,8494,14638,19758,19246,22830,22318,31790,31534,29230,27182,28718,32814,22062,18222,18990,28718,36654,43822,52014,55342,56878,59438,60718,559,4143,27951,33583,47151,47663,39215,45871,51759,40751,47920,23857,17202,43571,14644,53300,60211,53298,13619,15923,22068,43835,41021,7230,7737,47411,6963,56370,57650,12341,43316,22069,29491,16689,40240,16175,43822,38446,36654,37166,32814,28718,26158,25390,18990,12078,13358,11822,11054,7982,5166,5678,3374,2094,6446,2094,1070,64045,60717,61997,63021,63021,65325,1582,558,814,3374,63533,64301,60205,61485,59693,62253,59949
28463,21807,12079,6191,62766,54062,50734,50734,42286,37934,35886,28974,23598,20270,11822,3630,60973,51245,51245,50733,56109,53549,64301,5422,9518,14638,17710,14638,18990,23854,24366,21294,20782,18734,18222,13102,13870,18478,22830,31022,35374,45870,52526,50478,50222,53294,55854,64302,14895,29487,39471,45359,34863,32047,36655,21039,25136,10801,3378,27187,25652,64052,3636,34098,56114,4403,5940,7225,26684,28475,63542,46387,55090,43314,54066,16437,23349,9012,45362,15665,9520,11055,42030,41774,38190,34350,33070,28718,27694,22574,21550,13358,10798,7726,8750,8494,5678,3118,1838,3374,2350,46,302,63533,63533,46,61741,62509,1582,64813,558,46,65325,65069,65069,64557,63021,59181,57645,59181
30511,23087,13103,6447,61486,54574,51758,42542,45102,45102,37166,39982,29998,18990,11054,64301,58669,50733,50221,49453,53805,56877,62765,11054,11822,13614,15406,14382,13358,17966,16686,13358,13102,8494,6446,12590,10030,11054,16174,20014,28462,34094,36142,43054,41774,41774,48686,56366,1327,20271,28975,29999,26159,28719,29999,12079,3888,50224,36401,28466,18227,56115,46643,19762,33074,49970,55091,7734,48182,41782,5430,17459,35378,26418,37170,16180,63283,58674,13874,63280,65327,7983,44590,43566,35374,35630,30766,28718,25646,20782,17966,14638,5934,9518,6446,5678,6190,6446,3374,5422,1326,61997,61485,64557,61997,64813,59693,63789,2094,64301,302,302,558,3630,61741,65325,60461,58413,57645,57389
27183,16431,11823,5423,58670,53550,46126,49966,47662,41006,38702,32814,24110,19502,8494,1838,57389,52781,55597,50989,51757,58157,1070,12334,17454,17454,17966,18222,16174,13870,12334,8750,6958,7726,5422,6446,6190,6446,12078,15150,21038,29742,32046,41262,35374,37678,44846,51502,62254,9519,15151,28719,25135,30255,31279,15663,65327,32560,20529,2354,65074,48947,35635,8242,10546,24882,12851,19765,34359,56,51767,28467,17202,12594,17970,16436,29748,34099,45618,63792,51759,1583,39214,38190,35630,34606,30254,25134,21038,22830,15406,8750,11822,7214,11054,9518,3374,5934,64557,7214,1838,64045,2606,62509,60461,58669,62509,60973,60205,64557,63277,302,63789,64557,1070,63021,59949,59181,58925,53805
22831,17967,11567,6959,52782,45870,44590,46638,51758,42542,35630,31022,16942,10030,2862,1070,65325,60717,55085,51757,57901,63533,7726,14894,16174,20014,15662,11054,11054,7214,3886,2350,6190,7982,7726,8750,8750,6702,11054,14638,15662,18734,25134,30766,39214,43054,50478,48174,53806,56366,60462,3631,22831,26415,17967,17199,51247,7216,60719,55087,47408,45875,54067,3378,4146,62769,11569,5680,14649,50752,6977,40502,50738,55089,28465,19763,5430,7222,31029,26929,31279,58414,45358,36398,35886,30766,25390,22830,25134,16430,18222,12334,10030,10798,6702,7982,4142,2606,1326,64557,1582,62509,1070,64813,64045,58669,60717,64301,65069,60717,62509,63021,64045,61997,60973,64045,61485,57901,55341,53549
23087,9775,4911,64558,58414,50990,45870,49198,47918,48430,35118,30254,22062,7726,1070,3886,3886,4654,558,56621,60461,1326,17710,17966,20014,15662,13358,13614,9518,5166,3374,64301,3886,6702,7470,9774,11822,12078,10030,11822,15918,20782,24110,29486,35118,43054,50478,50222,51246,46382,50734,50990,11311,21551,16687,11311,22831,27951,17455,7215,19247,7729,59955,48179,59443,34866,50223,14895,8497,60989,49985,57407,12094,11315,52783,23856,50997,6454,56117,27443,4143,45102,37934,40494,33838,32814,26414,23342,21550,16174,18734,10030,8238,8750,5934,4910,46,1326,64813,1070,814,61997,61997,60717,59949,56365,60973,59693,62509,61485,57389,56109,58669,55853,60461,61741,57389,58157,55597,55085
22063,8495,3119,63278,55854,47406,46382,49198,48942,45102,37934,23342,19246,3630,1582,6958,7214,4910,2094,59693,59949,6702,12334,18478,20526,20014,19246,10286,10286,6446,10030,6702,1838,4910,9262,16686,14126,12846,11566,11310,10798,18222,17198,30510,37678,45614,47918,46382,48430,48174,48942,49966,58414,4655,5167,6191,6703,13103,4655,7983,6447,17199,64049,3124,21044,17204,31793,17455,14895,37939,56127,23105,25153,22589,19249,30767,58162,61749,54837,12853,14128,39982,39726,34094,30510,31278,24878,23342,19758,18478,17710,10030,6958,8494,3886,65325,61741,63533,64301,65069,65325,62765,61997,62765,60205,61485,59181,61741,60205,59693,63021,57389,59181,58669,58669,57389,57901,55597,55853,57389
12079,12079,815,58670,52782,50478,43822,42542,47150,48174,35118,31022,17198,10030,13614,9006,6190,8238,1582,64813,46,1070,16686,19502,22062,22062,15406,10798,10542,8494,11054,7470,1838,3118,7726,9518,8238,9006,9262,5678,9518,8750,17198,28462,33070,39470,45870,50478,47918,47150,41774,42030,48430,56622,63022,60974,47,4143,1839,1839,57646,62510,26927,39218,64819,13620,15412,61744,6191,23855,54583,19264,51776,47936,23097,10544,18736,7221,41781,41013,28723,59438,35118,34606,30254,25902,18222,16430,14894,11822,13102,9774,11054,6190,2350,46,1070,1326,64813,63533,558,814,64301,64301,59437,57133,58413,59437,57645,57389,58413,53549,56877,57389,59437,57901,58157,50733,53805,51757
12847,65070,63790,55854,51502,44078,41774,43310,45614,43054,39982,27182,16686,12334,13358,12334,12590,10030,3630,58413,59181,63277,2862,22062,23854,19502,13614,10798,5934,10542,11054,9262,3886,1582,3374,5934,4142,1326,64557,46,1582,3630,11054,15662,26414,33326,42286,42798,48942,47662,42798,39214,42030,44334,49454,61486,65326,47,64558,59950,60206,48942,51502,36655,59186,55347,6452,57395,36400,12335,10288,5179,59455,24128,57151,7734,61487,42802,41269,34101,17461,40752,41518,33838,27438,28206,19758,20270,14894,15406,12078,9262,6958,4398,1838,1838,2606,1070,65069,46,60717,64045,1070,62253,60205,63533,57901,58413,56877,60973,55085,55341,51245,54829,55085,53549,53293,54317,55597,50221
10287,1327,63790,56622,47150,43054,37422,43566,43566,39726,36398,28974,19246,13102,17710,11566,14894,3374,60205,58925,53293,58413,64813,6958,15150,17454,10798,5422,2350,5934,11054,3374,1070,59181,61997,62253,62253,46,65069,63277,57133,558,3118,12078,17454,27950,32046,42286,44078,44334,40238,38190,36910,41006,43310,61486,59182,63022,3119,58414,56622,51502,48174,58158,1840,7987,51251,61491,31027,64559,9263,32561,60220,42047,62783,52798,51763,23344,32820,30517,25909,55603,14127,31022,26158,23598,20014,16430,14894,9518,10542,6958,4142,1326,814,46,63789,62253,59949,64301,60461,62253,61485,61997,58157,61997,54829,58925,57645,54317,58413,53805,53037,49965,50989,52269,49709,54317,52269,49453
6191,559,54574,55598,48174,43054,36654,42542,42542,37678,34606,22318,17710,18222,9774,6958,63021,58157,53805,48173,46125,47149,54061,62509,2862,62509,302,61485,64557,302,65069,64813,61997,56109,53805,63789,57133,58157,58413,62765,59949,65069,4910,6190,14382,20782,31534,36654,47406,43054,42542,40750,38958,43566,44846,49454,60462,60206,64302,57390,52270,52270,51758,52270,57646,8752,25907,41011,49459,14643,48175,11567,7475,58941,27199,41023,44349,27698,37681,14389,17717,9525,40753,59950,32046,23598,16430,10542,12334,9774,8238,4398,2862,3118,63789,1582,59949,61741,61229,62253,59181,57133,59949,58925,53293,57901,57901,54829,54061,51501,56877,53037,52013,52781,50221,50733,48685,50477,45869,47917
7471,815,59438,50478,48430,44078,39982,38446,40238,39214,39470,23342,22062,12334,2862,64045,51501,54829,49709,47149,47149,48173,51501,54829,54061,56621,50733,54573,58669,1326,60205,59693,55085,55085,56365,56365,57645,55341,58413,59949,58669,58157,62253,63789,6958,14894,27438,34862,37166,44590,40750,42798,35374,38702,37422,41006,49710,53038,59182,54830,50990,49198,51246,47918,52270,61486,33584,15155,40755,44851,60722,48943,18479,56628,1342,65342,3135,20796,50225,25651,11573,15157,47924,62255,51758,32558,18222,12078,11566,8494,6958,65069,1838,3374,61997,64301,65069,56621,59437,60717,58925,58925,57645,56877,55853,57901,53037,55597,58157,53805,56365,49709,50733,50733,47917,49197,50221,47149,47405,43053
4911,62254,59950,58926,53038,46126,43054,39214,36398,34606,35630,31790,14638,16942,3630,59949,41261,42029,48685,42797,47149,42797,45869,49709,45869,46637,46893,43821,54829,59181,58669,60461,60205,59181,58925,59693,58413,57645,56109,57133,56621,61229,64045,3374,10542,13614,20782,29230,38958,38958,33838,37422,34094,35886,34350,36142,42542,50222,50990,58414,52014,49966,53294,48686,53550,52526,58670,44336,12851,33331,42035,57394,43055,28207,12342,53821,22078,21822,25147,50993,37172,7989,8757,32563,12335,47150,38446,17966,8238,8750,3630,6190,1326,61485,65325,62765,63021,56877,59949,60461,55597,52269,59181,55341,53549,55085,55597,52269,52781,51245,51757,50733,51757,51501,47149,48429,47405,48941,47149,45869
4655,62766,56878,58926,55854,44078,40494,37678,36910,35374,35118,25390,21806,13102,1582,55597,40749,43309,37677,43821,44589,37933,42541,42029,46381,47405,46381,46381,53549,57901,59693,52269,59693,64045,64557,60205,62253,59949,61997,61229,59437,63789,558,6702,8238,12590,14894,24110,27182,29230,31022,32558,32558,30254,32302,36398,46382,48686,53806,55854,50222,50734,47662,48942,50734,51758,50222,63022,41520,10547,24115,32819,63026,49711,37935,26423,41533,11838,17982,58938,38963,63540,1077,58420,58929,59438,45614,38702,26926,14382,6958,8494,2606,3374,3886,63021,62253,63277,61485,60973,57901,57389,56877,58157,56877,54829,54317,53549,55853,54829,51501,49709,50221,48173,50989,50477,45357,46125,46637,43309
3375,4143,63022,61230,55086,41006,40238,34094,37934,36654,34862,22830,22062,11054,65069,49709,40749,38701,40749,41261,44845,44333,45357,47405,44845,51245,47405,49965,51757,55853,56877,56621,64301,62765,1070,3630,3630,58669,64301,61485,61997,46,5934,12590,12846,15918,16942,14382,21550,17454,19502,18478,31534,26158,30254,36142,41262,45358,49966,53550,47662,47406,46638,46126,49454,49710,50478,53038,61998,26928,6195,17715,24371,4403,10544,42543,40248,36413,57149,52285,45626,14133,60724,55860,32308,31024,64302,55086,44334,34094,28974,14126,5166,1326,3630,2862,558,61485,60717,58413,59693,61997,55597,55853,53549,56109,54573,54061,55597,54829,53549,51757,52525,52525,46893,50221,48429,47405,44333,45357
6191,5423,63278,61230,45870,42030,36142,35374,33838,32046,33582,26670,24878,15662,46,48173,37677,41261,38701,41005,41773,40749,44589,50221,53037,54061,50989,51501,54573,58925,63533,58157,61485,814,5166,46,62765,60717,60461,558,61741,1070,4398,16430,16942,18990,19758,17198,18990,14126,13870,18990,23342,31790,37422,41006,43822,44078,44334,47150,44334,44334,44846,47662,51502,50478,55086,55342,54830,60718,23344,51250,3635,17459,4403,55088,14640,8761,14397,19005,26685,22075,13366,48948,49972,63539,63279,64302,57390,47406,36910,30254,22830,13614,2350,2606,2350,558,59949,60461,57645,58669,55597,55597,53805,55597,53037,54573,54829,54317,52525,52269,50989,54061,52525,48941,49965,49965,49965,46893
5935,4911,60462,55854,44078,34094,32558,33838,32046,35118,26670,26414,17710,9518,61485,43821,34605,32813,33069,41005,43821,44589,46893,54061,58669,60205,52269,56109,57645,59437,60717,62765,62509,60717,302,302,62253,61485,63789,64301,64813,5934,6702,16942,18478,16174,13614,13614,13102,11566,13102,17710,25134,28974,37422,41518,43822,40238,41518,40750,41262,44078,39470,48174,46638,46382,48686,47662,54062,50990,51502,58415,30770,2099,11059,7219,19505,31792,45624,33852,63036,15165,33339,31029,40244,39988,23859,26927,59694,49710,51246,47662,43566,35374,31022,23342,9262,6190,61741,65325,65325,59949,58925,57645,57901,51501,58925,54061,51757,55341,55085,55085,53549,54061,51757,45869,49709,49453,46893,46893
1327,65070,63278,53294,45102,36654,36654,29742,30254,25390,24366,21294,10286,4142,54317,42797,37165,33325,39469,44845,49709,53293,50477,55597,59693,56621,54061,54829,59949,58157,59949,54061,53293,54317,61997,56621,59693,60973,62765,62765,1582,5678,6958,10286,12846,12334,15918,12334,14382,13614,10542,13870,22318,29486,34606,37934,39214,38958,36142,35118,39214,36142,37678,44846,45358,46894,47150,51502,49966,50222,40238,33838,14127,14642,63794,2867,62002,61233,3888,26167,14396,47164,61756,17210,60212,35636,35892,11827,1327,49966,47918,51502,45614,40494,39214,38190,38446,32558,24110,23598,18990,10286,9774,61229,55853,58157,54829,56621,57645,59437,57901,56109,53037,50733,53037,47405,50221,51245,46125,46893
65326,64046,59694,50990,41006,39982,39470,34094,27182,21550,19246,15662,5422,65325,48429,41005,32557,35117,32045,44333,49197,64045,57645,60461,61485,63789,57645,53293,60461,58413,62509,51245,47661,54829,56109,58925,61485,60205,61741,59181,65069,4910,6446,10286,11566,6958,9518,9262,11310,13870,14638,15406,16942,27182,31534,35118,34606,34350,38190,33582,33838,36654,38446,37166,45358,42542,41262,46638,46126,46894,37678,28974,28718,47,41265,47666,54834,51,31538,45104,32053,48699,27964,18492,60472,42036,32052,23604,1331,48430,12078,18222,28718,27438,36398,34094,34350,32814,30254,21294,23342,26414,21806,20014,19502,16686,15150,15662,16942,8494,63021,61229,61229,54573,52013,56877,54829,50477,51501,53037
4143,59694,52270,50222,39982,44078,39726,39470,27950,16430,15662,12846,4910,55853,49453,36653,35373,31789,36141,45613,56109,60205,59949,60973,59437,56109,56877,54061,58413,61229,60973,53293,50733,49965,52781,54573,58669,56621,54573,59693,60717,1326,4910,10798,1326,64557,64813,4398,7982,8494,10798,13102,13614,25902,26414,35374,34862,32046,33326,30766,28462,32046,30766,32046,36910,39470,38702,38190,34606,35374,26926,20782,21294,18990,52526,45360,35378,47666,62514,55602,48433,12852,49466,1596,51515,56,27444,19252,14132,1075,2607,22318,14126,12078,12590,4654,1582,13358,15406,24366,21294,24622,22574,19246,16174,16174,11566,12590,11310,11054,10286,11310,10286,6446,9006,3374,1582,64045,61741,53293
2095,303,58926,50222,44334,47406,40750,42798,34862,20014,14894,5422,302,55597,45357,39213,31789,35629,36653,39725,49965,60717,59181,55085,54317,48173,52013,52013,54317,52781,51245,49965,46637,46637,50221,55341,57901,56621,55597,55597,61741,6446,6446,4398,3886,64813,65069,62509,7982,11310,11822,14382,18734,18222,30510,33582,32302,32046,28718,31022,28206,33070,28462,31790,29998,31534,29486,33326,30254,25902,14894,21806,15662,20782,27694,33070,46639,9778,39730,48434,63282,34610,38194,35129,24123,15163,64310,17460,11572,7476,13363,4143,21294,18478,17198,12846,7726,3630,1326,64301,61741,4142,65069,6190,1070,9262,6702,8238,7470,10030,10030,17198,9774,10030,7982,2350,3374,3374,2862,3886
4911,63790,60206,55598,50990,53038,49966,45870,35118,25390,25646,5934,63021,50221,38189,38189,31789,31277,31533,42029,45613,51245,54061,52269,47917,47405,48173,54573,50989,52781,52269,49709,48685,46637,56365,56365,56109,59693,56877,61485,65325,3374,7726,8494,5934,64045,63533,63789,4910,10030,11310,11822,18734,22062,31790,34862,35374,32046,28974,26158,24366,26670,25134,25390,26414,23598,24878,26926,20782,15918,9262,10798,12590,15150,18990,22062,27694,1839,20785,24626,34610,50994,59698,7219,5175,47930,55610,48694,6964,5684,63027,27699,63023,20526,10286,16430,12334,11310,11822,11310,10030,64557,64045,60973,59693,58669,60205,59949,2094,64045,3374,7470,63533,2094,4654,2862,65325,2606,6702,64557
5679,64558,64302,59182,52782,56110,54062,57646,52014,33070,23854,11054,59949,48173,44845,36397,35117,33325,31277,33581,38701,42541,45101,46893,43565,43565,43309,49197,53037,52013,52269,46893,48173,42029,44333,51757,59437,58669,57389,59181,61741,6702,6446,12590,10030,2862,1582,4654,65325,1326,5678,10286,19758,23854,29998,27438,28206,26414,20270,21038,18222,21294,22318,25902,27182,20782,25390,24622,23086,15918,7470,5422,6702,12590,14894,18478,16174,13102,34350,60975,63025,19250,31026,54834,6707,2869,28985,2618,36406,3636,60467,56627,31027,42544,27694,15918,14638,5422,9006,6446,12334,10542,5934,4910,5166,3374,63277,2094,65069,302,60973,63021,60461,62765,2350,64813,60717,62253,62509,60717
10031,3119,65326,303,60206,57902,57390,60462,53038,39470,24622,11310,56109,47917,40493,33325,31277,34093,31533,29741,38701,40493,39469,50989,44845,42285,41261,43053,53037,50221,48685,44333,44845,43053,45613,52269,54061,54317,53293,57389,62765,63789,10798,11566,9006,4398,63789,58157,59437,65325,63277,2350,12078,18478,25646,28206,25646,20782,22318,19502,20014,19758,26926,31022,27694,21038,19502,25646,18478,13358,10798,3630,8750,9262,9518,8238,6958,9518,7726,5166,41262,55600,3122,25394,23346,44082,31795,26422,27449,58166,63539,52019,49203,41011,46898,6193,35886,6702,6702,4398,65069,4398,3118,4910,5422,2350,3118,46,64813,65069,64301,62509,64557,302,63789,64557,61485,61229,63021,61485
16175,10543,47,3119,62510,62766,57902,54062,50990,41774,22830,3630,53805,43053,38957,35373,33325,39725,37165,36653,36653,44077,46637,47917,47661,44845,39981,40493,46893,48173,42029,42029,39469,38189,42797,41517,49453,56621,52525,56877,61741,2606,4142,6702,3374,46,57133,56621,58157,59181,58925,61485,1582,11310,18478,23342,26670,20526,22318,18990,20270,21806,23598,29998,27950,32046,27694,24366,23086,19502,6190,7214,7726,6958,6958,6958,6958,3118,6190,558,63277,14894,4911,4913,62257,14898,24882,50738,38195,34102,55,62259,45363,45875,41523,52531,32053,59187,35375,19502,63021,63021,59693,64301,61741,61229,64045,3118,302,64045,61229,59949,61229,62509,61741,55085,61229,58413,58669,60461
18479,14895,7983,815,2095,60974,55854,56110,49710,35886,9518,62765,49197,41773,38957,36653,42029,39725,41517,42541,46125,43565,51501,52013,54317,48173,46125,43565,43821,40749,40493,39213,36397,38189,41773,45613,45357,53293,53037,58669,60717,7726,5934,1838,302,61485,55597,54061,60461,58157,63789,58669,63277,11054,18222,23854,29998,23342,21806,19758,20014,23598,26926,27950,32046,31022,30254,32558,23342,17710,12078,8494,5934,4142,11054,9774,5678,4142,1582,1838,1326,2606,2862,11054,8239,10033,53297,5682,19506,36146,64818,62260,46643,35635,39219,37171,36147,29748,57398,31286,16435,55343,21038,60973,54317,57901,56877,56365,52269,55853,55341,57133,54317,59949,52269,59949,59437,54573,58925,59693
24623,19247,14383,3887,4655,58158,56622,53806,38190,36910,13614,58669,42029,35885,36909,37933,42541,46381,52013,50989,47405,56365,59693,63789,60205,58157,49197,43309,43053,39981,37165,38701,39469,38957,44077,43565,45613,50477,56109,58925,4910,11054,9774,6446,61741,59437,56109,57133,55853,55853,60973,60205,4910,8750,19502,27694,31022,27438,25646,17710,21038,28206,28974,29998,31022,31790,29486,28206,22062,17710,12078,6958,5934,64813,2862,1326,63789,62765,63277,64301,64813,64557,64301,60461,3630,9518,57134,45616,45361,56113,50,17970,28210,61746,25907,24371,22835,26419,30515,49972,50998,24631,57910,62004,21553,53038,7982,57645,54829,50477,53293,50989,52269,48429,50989,52013,53293,48429,51501,51245
27951,17455,15919,5167,1583,59182,50990,48942,40494,30766,8750,51501,42541,38445,38189,39981,45357,50733,58669,60717,61485,59949,64045,1070,558,1582,63533,54317,43309,35629,37677,39725,39213,39213,38957,47149,48685,48941,59181,558,9774,9262,11310,3630,61997,61485,59693,59181,60461,59693,65325,63533,8750,8750,15406,24366,30254,25134,23342,16686,22574,23854,29230,31278,29486,33838,29998,27950,25646,16430,11822,7470,3630,2350,558,65069,55597,61485,58157,59949,57645,63789,64045,60973,60205,65069,64045,7982,48686,16432,27185,45873,53553,3378,19250,62770,14387,18483,15411,14131,25139,15412,39990,29239,13879,48438,51253,21043,48432,47,11054,58669,60205,55341,45869,46125,43565,50477,52781,47149
30255,21807,18223,8239,6959,65070,53550,45102,42030,29230,7470,46381,37165,32557,36141,40749,51757,55341,62765,3630,65069,2862,46,1838,3886,3118,1326,57645,46893,37933,37677,34861,35885,39725,37677,40493,46125,50221,57901,3118,11566,13358,9262,1582,65069,61997,61229,58925,59437,60717,1326,2862,4142,8238,11822,24366,26414,28206,24878,23854,25902,25902,26414,26926,27438,27438,23854,24622,23854,15150,9774,4654,1070,61741,64813,59437,55341,54573,56877,59437,60461,59437,57389,55853,58157,56109,56877,59437,60717,558,14382,14383,62256,28721,44081,54577,5938,55858,6195,2611,7731,2611,1843,43571,10294,2615,4151,54582,31798,7222,25653,57139,20786,31024,12079,28462,3374,57389,48941,47917
33327,27183,20527,13359,4655,65326,62766,52782,44078,31534,21038,56109,45357,39469,35117,42029,54573,63021,2350,4142,3886,1070,4398,4398,2862,6958,302,58413,53549,39213,34605,33581,29997,33325,36909,35885,33837,44077,56365,558,7214,11566,3886,1582,46,63789,61997,57389,60205,60205,53549,61741,1582,8494,13614,21806,26670,24622,23342,22574,23342,22574,18990,22062,29742,28206,23086,22830,18478,12078,10286,1838,61229,60205,59181,53805,52269,52781,52781,54317,55085,57645,58157,55597,60205,51757,55341,56621,58413,56365,55341,57133,4398,36398,4912,5169,24369,35889,6194,54834,65330,819,58930,55346,57650,24883,46388,5942,23094,25910,22070,10550,64309,54581,41525,7477,14132,20787,50,42288
32815,34863,31535,22575,17711,7215,1583,60974,48686,40238,33326,65325,50477,46125,48685,50477,46,6446,11310,8494,3886,5422,558,61741,46,65325,59181,58925,50989,38957,33837,34861,29997,29741,31021,33581,39469,43565,55085,3630,3374,5934,63277,60205,61741,59693,56877,54317,45101,54573,51757,58925,61229,3374,14638,18990,21550,22574,20014,22574,14638,19246,17198,16942,19502,21294,25902,17454,18990,6190,5934,1582,63789,61485,58925,56877,55341,55853,53037,56365,58925,59693,58669,58925,56109,60205,55341,59181,53037,55853,58925,55597,56109,59437,58157,8238,55598,64303,2609,17201,57137,35634,45362,46386,42034,40754,42290,43826,4659,61235,21045,51765,57653,49461,51765,34101,22069,16949,9781,5173
36399,39471,32303,26927,16175,11311,6447,61742,58158,48686,34862,12846,60205,51245,51501,58413,2094,4398,11054,10030,3374,62765,57133,57645,56365,56877,60973,52525,44077,38445,34349,28973,29997,35373,27437,37421,36653,43565,53805,64557,558,61997,57389,53805,54829,54573,52013,49965,45613,46381,49709,56877,57645,2606,10542,12590,13358,14126,9518,9774,8238,16942,15406,16174,19502,21038,16686,12078,11566,4142,4654,61485,59693,59181,60973,61741,57645,58413,57389,56365,58157,56109,63021,63277,55085,57133,56365,54317,55085,52269,53037,55085,55853,56621,54573,56621,55597,61997,2606,21038,31278,42542,4655,36655,51759,61231,12848,25904,42800,56368,3889,25137,5682,13107,64051,8500,13876,17204,11060,13876
42799,46639,34607,33583,24879,18479,6191,64814,59182,47918,36142,22574,6702,56877,61741,59949,63533,7982,10542,6190,61485,52781,46637,44845,45357,44077,47405,48173,44589,37165,35885,24621,27181,29741,32557,37933,36653,41261,48173,59181,58925,59949,52525,47405,50221,51245,44077,39981,38957,48941,45101,49965,61997,3374,10542,18990,14894,12078,9262,12590,7726,7982,13358,11566,14638,16430,11054,16686,11566,11054,3886,62509,63021,61485,61485,58413,56365,53805,56877,54573,55853,59949,56365,55597,56621,56621,56621,50989,53293,55341,52013,52269,51757,54829,55853,56621,55853,52781,52781,52269,54573,55853,57389,52525,54061,49965,55597,48685,51245,61997,52781,57133,58157,60461,64045,64813,2862,5934,4910,14126
48431,48431,41519,33839,25647,16943,11823,3631,47,53038,40750,30766,16430,6702,46,558,2350,6702,4142,814,59949,48173,47661,37165,37933,40749,36397,42029,36141,33581,29741,26925,26669,31021,31533,29229,35373,39469,44077,48685,48429,44333,46381,37933,39213,39213,35629,37421,41261,40237,42797,49197,53549,63021,4910,10798,8750,2350,6702,3886,5934,6702,14894,11054,12846,11310,12846,11566,9774,7726,6958,1326,2606,2862,58669,55853,55853,55853,51757,54061,57133,54829,58413,59437,57133,56877,56877,53037,52781,53293,53549,50989,56365,54317,55341,53037,49453,48429,52781,50477,54317,51501,51501,49709,47661,51757,48685,53037,52525,51757,52525,53549,48685,50733,52781,50989,50733,47405,51245,52013
53039,54575,47151,36399,32559,21807,20527,5167,64558,58414,48430,38190,25390,13102,6190,6702,3374,8750,3374,1326,60461,47661,41005,40749,36909,32301,41005,35629,32045,31533,28973,26925,25645,24109,31021,29229,29741,36653,36397,35373,39725,36909,34605,27949,32557,32557,30253,30509,27181,30253,38701,39725,48941,53037,52781,58413,58925,59949,63533,63533,62509,65325,64301,3630,63789,1838,5422,2606,3630,6190,5166,2862,65069,64813,63021,57389,53549,52013,51501,55597,48429,51501,53549,56365,52013,51245,52525,54573,50989,51245,54061,51501,53037,53037,51757,54829,56109,53549,55853,50733,56109,58925,50477,50989,52781,52525,52525,49965,55085,56109,55341,56109,56109,54061,54573,53549,56365,55085,55085,57901
60463,54831,53295,43823,38703,26415,18479,15151,6447,64302,56110,41006,32046,21806,16686,11310,11822,9006,4654,60205,62509,44589,36909,29741,35117,33325,30509,29485,25645,26413,22317,22829,25133,27693,26413,24365,32813,30253,33581,33325,33325,30253,29997,28973,28973,28973,29741,26413,25645,31277,28461,40237,42029,43565,47661,45357,46637,46125,49709,56621,55597,56365,55085,56877,57133,60973,61485,558,2862,7214,302,63789,2350,62253,57645,52269,46381,45613,47405,42541,42797,47661,46381,51501,45613,45357,46381,50733,48685,47149,45869,47917,46381,45101,48429,51501,47661,50733,49453,50733,48941,57133,46637,53805,52781,46381,48685,48685,56109,52013,54573,50477,54829,53293,58413,58669,59181,55341,56109,56365
62767,51503,55599,44847,42031,35375,29487,26671,16943,8751,63278,49966,42286,32046,30254,23598,20782,12334,4142,61485,55597,42541,34093,31277,28717,29741,27181,27437,27949,24109,23597,27693,30253,32045,34861,33325,33837,35885,34349,32301,35117,29997,25645,29229,26669,29485,26925,25389,25389,27437,24877,29229,33069,37421,43821,41005,41261,43565,45357,50733,53293,51245,49709,52013,54061,54829,61229,63021,1070,64301,65069,60461,62765,64813,59949,49453,44333,34861,39981,36909,38957,35885,38701,37677,39469,39981,34861,35885,36653,36141,38701,38189,35629,39725,40749,38957,40493,39469,44077,44077,45101,39981,44589,42029,39981,47149,44589,47917,48941,48685,51757,45101,47917,54061,50477,52781,51757,54061,52525,53549
9264,2608,53295,53807,46127,39727,34607,25647,21039,20527,6959,57134,44078,36910,36398,22062,25646,18222,10030,58413,48941,38189,30765,27693,24621,30253,27181,28717,28717,26157,23597,22829,29229,29997,33581,35885,32557,38189,33581,37933,34349,28461,28717,23853,29485,28205,25901,25389,26157,28973,27693,26413,35885,32557,41517,38189,42029,39725,45613,45869,44845,44333,48429,48429,50733,54829,60461,63789,64045,59437,57901,55597,57645,58157,53293,44077,40493,30765,34861,27949,31021,27949,34093,32301,32813,32557,29997,33837,30253,34349,33069,34093,37421,33325,33069,34861,35373,35885,38189,35117,36909,33069,37165,35885,32045,35629,36653,39469,39469,43309,39725,40493,41005,44845,42797,44077,47149,47661,43309,45101
20272,4144,6704,54831,49967,45103,41519,33071,25647,15407,12847,61998,53550,47662,38702,33070,33582,20782,6446,65069,45357,37165,27437,27693,25389,27437,21549,25901,25389,20781,23085,22317,30253,29229,34861,33325,31533,38189,37677,36909,34605,31533,26669,26413,28973,28205,26157,26925,26669,28973,24621,29741,34861,37421,37421,33069,34861,38957,45357,46381,47661,38957,45613,45869,49197,54573,52781,56621,60205,60973,53549,50733,49197,51757,53293,42029,37677,32045,32045,29997,26157,26157,27437,29229,32301,28205,30253,28461,30253,30253,29229,29485,29997,26925,35117,32557,29229,32557,33581,33069,31789,29741,34093,28973,32045,31789,33581,32301,30765,32045,38189,37933,39725,30765,35629,36141,32557,42285,37165,41261
20272,13872,6704,59439,51503,47407,41519,35631,33327,17967,12079,59694,53550,47918,41774,38958,30510,26158,9518,1838,52525,39213,29485,22829,24109,20013,27949,25389,24109,23853,27693,23853,26413,28717,29741,31277,29741,35629,36397,35117,30765,34093,29997,27693,24877,25645,25133,23085,26413,28973,31277,25645,32045,30253,39213,35629,34605,36653,43053,45613,43565,42797,45101,44077,51757,55085,52269,56621,53293,54573,51245,52269,51501,53805,44077,42285,33581,28973,30765,22829,32045,24109,26413,27437,26925,27181,25389,27437,23853,26157,30509,24621,27437,29485,28973,26413,29997,26157,30765,28973,26157,31021,28973,30509,26925,28717,28717,30253,30765,34605,31533,34861,34093,33837,32557,35629,35117,37421,35885,36397
24624,12080,10544,60975,55855,47919,44335,40495,33327,21295,16687,2351,61486,54830,45102,42542,36142,28462,13102,65325,48429,38957,25901,26925,25901,21549,23341,23597,25133,29229,25133,27693,24365,25901,25645,29741,29485,31277,29741,31533,32813,29229,29997,23853,26669,28461,26157,25133,23853,27949,31021,30509,29997,29741,31789,34349,31021,42797,38701,43053,43821,38957,38957,43821,50733,51501,56877,50221,50733,52525,52269,50221,46893,46381,42029,33581,31021,26413,23853,24877,26669,32045,22317,26413,29741,22317,24877,26157,25645,25645,25133,21805,27181,26669,26413,26669,28717,27693,25133,25133,28973,28461,27181,32301,25645,26925,29485,31277,29485,30765,29741,30253,29485,29485,30509,29229,32557,29741,29997,30509
25392,18224,9520,304,54319,54831,41775,44591,30767,26927,17967,5167,63790,60718,52782,40494,39214,35118,20782,6958,55597,43821,28717,28461,27181,27437,26413,27181,26157,25133,22317,24877,22829,27693,26157,28461,25645,31533,33069,31277,32557,33325,26925,25901,29485,29997,32557,24877,26669,29229,30253,29485,28973,31277,30509,31533,38189,37421,44333,40749,43309,40237,39981,40749,49453,47917,48173,54061,50477,49453,52269,52525,47405,44845,40493,34605,29997,24877,24621,26669,22317,26413,22317,26157,21293,27181,25389,23597,25133,24109,24877,23853,25901,25901,26669,26669,25389,26413,23853,24621,25389,28205,28973,25901,26157,26413,25133,24365,26413,31277,32301,28973,27181,27949,29997,30509,31021,29997,27693,27181
27184,19248,15152,1072,63023,50991,44591,44335,35887,28207,20271,11823,3631,62510,54574,45102,44334,35374,22830,6702,59693,45357,39213,35629,25901,28973,28205,27693,25645,22317,25389,27181,29229,24877,29997,24621,29741,27437,31533,30509,33837,28717,28461,25901,35629,33069,31789,32045,25133,29997,33069,30253,35885,32557,35629,38189,38701,37421,41261,51245,50477,49965,45357,45101,47405,51757,51757,49453,52013,55853,57389,53037,51757,47149,40749,34093,28717,27693,28973,28205,23853,28461,26669,23853,21805,25645,24365,26157,26925,24877,24621,25133,22317,29485,28717,29997,24109,23341,24365,24621,23853,26157,25645,24621,27693,25389,21293,28461,25901,26669,28973,27693,27437,28973,29229,30765,24621,29485,31277,24365
30256,27184,6960,3632,60719,51503,50479,43567,31791,28463,21039,13103,2351,4143,57134,50478,46382,36142,22830,10798,57901,48685,41261,35885,29229,30253,33069,25901,22829,25389,29229,27181,30509,25901,28973,30509,34605,38701,40749,42541,43565,44333,34605,34349,36909,38445,33581,32557,32813,34093,35117,35629,36141,35629,40749,37677,41517,39725,47917,47917,52525,52525,48429,49965,49453,52269,57133,55853,59181,54317,59437,53037,50477,43821,45357,26669,24877,22829,27181,24365,25133,27693,22573,22061,24621,20781,22317,22061,22829,24109,22317,23341,25645,23853,23853,24621,25389,24365,21805,23853,24877,25645,25901,28205,28973,25901,24621,24877,29485,24621,26157,27693,27693,27949,28205,26413,25901,26413,30253,28717